{
    "L1" : [
        {
            "prodId": "L1",
            "product": "Loans",
            "type": "Premier Mastercard",
            "subtype": "Mastercard",
            "interestRate": "18.9% APR",
            "prdinfo1": "Extra RewardCash: - Enjoy up to 6X RewardCash for spending in Rewards of Your Choice category. Rebate rate at 2.4% ",
            "prdinfo2": "Dining: - Buy 1 get 1 freeBuy 1 get 1 free This link will open in a new window dining privileges at Michelin Restaurants",
            "prdinfo3": "Travel: - Stay 2 get 2 nights free on Hotel bookings- Earn 15 British Airways Avios / KrisFlyer Miles with just 1 RewardCash",
            "fee": "$200 P.A.",
            "remark": null
        }
    ],
    "L2" : [
        {
            "prodId": "L2",
            "product": "Loans",
            "type": "Advance Visa Platinum Card",
            "subtype": "Visa",
            "interestRate": "18.9% APR",
            "prdinfo1": "Extra RewardCash: - Enjoy up to 6X RewardCash for spending in Rewards of Your Choice category. Rebate rate at 2.4% - Earn RewardCash when you use your card to pay bills online",
            "prdinfo2": "More benefits:- Perpetual annual fee waiver- Visa Platinum2 concierge services, including travel information and restaurant reservations- Visa Platinum2 Club gives you exclusive hotel offers, car rental discounts, and more",
            "prdinfo3": null,
            "fee": "$500 P.A.",
            "remark": null
        }
    ]
}