<?xml version="1.0" encoding="UTF-8"?>
<!--
    日志级别从低到高分为TRACE < DEBUG < INFO < WARN < ERROR < FATAL，如果设置为WARN，则低于WARN的信息都不会输出

    @scan : 当此属性设置为true时，配置文件如果发生改变，将会被重新加载，默认值为true
    @scanPeriod : 设置监测配置文件是否有修改的时间间隔，如果没有给出时间单位，默认单位是毫秒。当scan为true时，此属性生效。默认的时间间隔为1分钟。
    @debug : 当此属性设置为true时，将打印出logback内部日志信息，实时查看logback运行状态。默认值为false。
-->
<configuration scan="true" scanPeriod="10 seconds">
    <contextName>logback</contextName>

    <!-- name的值是变量的名称，value的值时变量定义的值。通过定义的值会被插入到logger上下文中。定义变量后，可以使“${}”来使用变量。-->
    <property name="log.path" value="log/permit"/>
    <property name="log.suffix" value=".log"/>
    <property name="log.default" value="default"/>
    <property name="log.warn" value="warn"/>
    <property name="log.error" value="error"/>
    <property name="log.app" value="app"/>
    <property name="log.db" value="db"/>
    <property name="log.test" value="test"/>

    <!-- 彩色日志 -->
    <!-- 彩色日志依赖的渲染类 -->
    <conversionRule conversionWord="clr" converterClass="org.springframework.boot.logging.logback.ColorConverter" />
    <conversionRule conversionWord="wex" converterClass="org.springframework.boot.logging.logback.WhitespaceThrowableProxyConverter" />
    <conversionRule conversionWord="wEx" converterClass="org.springframework.boot.logging.logback.ExtendedWhitespaceThrowableProxyConverter" />

    <!-- 彩色日志格式 -->
    <property name="CONSOLE_LOG_PATTERN" value="${CONSOLE_LOG_PATTERN:-%clr([%d{yyyy-MM-dd HH:mm:ss.SSS}]){faint} %clr([${LOG_LEVEL_PATTERN:-%5p}]) %clr([${PID:- }]){magenta} %clr(---){faint} %clr([%30.30t]){faint} %clr([%-40.40logger{39}]){cyan} %clr(:){faint} %m%n${LOG_EXCEPTION_CONVERSION_WORD:-%wEx}}"/>

    <!--输出到控制台-->
    <appender name="CONSOLE" class="ch.qos.logback.core.ConsoleAppender">
        <!--此日志appender是为开发使用，只配置最底级别，控制台输出的日志级别是大于或等于此级别的日志信息-->
        <filter class="ch.qos.logback.classic.filter.ThresholdFilter">
            <level>INFO</level>
        </filter>

        <encoder>
            <Pattern>${CONSOLE_LOG_PATTERN}</Pattern>
            <!-- 设置字符集 -->
            <charset>UTF-8</charset>
        </encoder>
    </appender>

    <!--输出到文件-->
    <!-- 时间滚动输出 level为 DEBUG 日志 -->
    <appender name="DEFAULT_LOG" class="ch.qos.logback.core.rolling.RollingFileAppender">
        <!-- 正在记录的日志文件的路径及文件名 -->
        <file>${log.path}/${log.default}${log.suffix}</file>

        <append>false</append>

        <!--日志文件输出格式-->
        <encoder>
            <pattern>[%d{yyyy-MM-dd HH:mm:ss.SSS}] [%thread] [%-5level] [%logger{50}] - %msg%n</pattern>
            <charset>UTF-8</charset>
        </encoder>

        <!-- 日志记录器的滚动策略，按日期，按大小记录 -->
        <rollingPolicy class="ch.qos.logback.core.rolling.TimeBasedRollingPolicy">
            <!-- 日志归档 -->
            <fileNamePattern>${log.path}/%d{yyyy-MM-dd}/${log.default}-%i${log.suffix}</fileNamePattern>

            <timeBasedFileNamingAndTriggeringPolicy class="ch.qos.logback.core.rolling.SizeAndTimeBasedFNATP">
                <maxFileSize>100MB</maxFileSize>
            </timeBasedFileNamingAndTriggeringPolicy>

            <!--日志文件保留天数-->
            <maxHistory>15</maxHistory>
        </rollingPolicy>

        <!-- 此日志文件排除trace级别的日志 -->
        <filter class="ch.qos.logback.classic.filter.ThresholdFilter">
            <level>DEBUG</level>
        </filter>
    </appender>

    <appender name="WARNING_LOG" class="ch.qos.logback.core.rolling.RollingFileAppender">
        <!-- 正在记录的日志文件的路径及文件名 -->
        <file>${log.path}/${log.warn}${log.suffix}</file>

        <!--日志文件输出格式-->
        <encoder>
            <pattern>[%d{yyyy-MM-dd HH:mm:ss.SSS}] [%thread] [%-5level] [%logger{50}] - %msg%n</pattern>
            <charset>UTF-8</charset>
        </encoder>

        <!-- 日志记录器的滚动策略，按日期，按大小记录 -->
        <rollingPolicy class="ch.qos.logback.core.rolling.TimeBasedRollingPolicy">
            <!-- 日志归档 -->
            <fileNamePattern>${log.path}/%d{yyyy-MM-dd}/${log.warn}-%i${log.suffix}</fileNamePattern>

            <timeBasedFileNamingAndTriggeringPolicy class="ch.qos.logback.core.rolling.SizeAndTimeBasedFNATP">
                <maxFileSize>100MB</maxFileSize>
            </timeBasedFileNamingAndTriggeringPolicy>

            <!--日志文件保留天数-->
            <maxHistory>15</maxHistory>
        </rollingPolicy>

        <!-- 此日志文件只记录warn级别的 -->
        <filter class="ch.qos.logback.classic.filter.LevelFilter">
            <level>WARN</level>
            <onMatch>ACCEPT</onMatch>
            <onMismatch>DENY</onMismatch>
        </filter>
    </appender>

    <appender name="ERROR_LOG" class="ch.qos.logback.core.rolling.RollingFileAppender">
        <!-- 正在记录的日志文件的路径及文件名 -->
        <file>${log.path}/${log.error}${log.suffix}</file>

        <!--日志文件输出格式-->
        <encoder>
            <pattern>[%d{yyyy-MM-dd HH:mm:ss.SSS}] [%thread] [%-5level] [%logger{50}] - %msg%n</pattern>
            <charset>UTF-8</charset>
        </encoder>

        <!-- 日志记录器的滚动策略，按日期，按大小记录 -->
        <rollingPolicy class="ch.qos.logback.core.rolling.TimeBasedRollingPolicy">
            <!-- 日志归档 -->
            <fileNamePattern>${log.path}/%d{yyyy-MM-dd}/${log.error}-%i${log.suffix}</fileNamePattern>

            <timeBasedFileNamingAndTriggeringPolicy class="ch.qos.logback.core.rolling.SizeAndTimeBasedFNATP">
                <maxFileSize>100MB</maxFileSize>
            </timeBasedFileNamingAndTriggeringPolicy>

            <!--日志文件保留天数-->
            <maxHistory>15</maxHistory>
        </rollingPolicy>

        <!-- 此日志文件只记录warn级别的 -->
        <filter class="ch.qos.logback.classic.filter.LevelFilter">
            <level>ERROR</level>
            <onMatch>ACCEPT</onMatch>
            <onMismatch>DENY</onMismatch>
        </filter>
    </appender>

    <appender name="APP_LOG" class="ch.qos.logback.core.rolling.RollingFileAppender">
        <!-- 正在记录的日志文件的路径及文件名 -->
        <file>${log.path}/${log.app}${log.suffix}</file>

        <!--日志文件输出格式-->
        <encoder>
            <pattern>[%d{yyyy-MM-dd HH:mm:ss.SSS}] [%thread] [%-5level] [%logger{50}] - %msg%n</pattern>
            <charset>UTF-8</charset>
        </encoder>

        <!-- 日志记录器的滚动策略，按日期，按大小记录 -->
        <rollingPolicy class="ch.qos.logback.core.rolling.TimeBasedRollingPolicy">
            <!-- 日志归档 -->
            <fileNamePattern>${log.path}/%d{yyyy-MM-dd}/${log.app}-%i${log.suffix}</fileNamePattern>

            <timeBasedFileNamingAndTriggeringPolicy class="ch.qos.logback.core.rolling.SizeAndTimeBasedFNATP">
                <maxFileSize>100MB</maxFileSize>
            </timeBasedFileNamingAndTriggeringPolicy>

            <!--日志文件保留天数-->
            <maxHistory>15</maxHistory>
        </rollingPolicy>

        <!-- 此日志文件排除trace级别的日志 -->
        <filter class="ch.qos.logback.classic.filter.ThresholdFilter">
            <level>DEBUG</level>
        </filter>
    </appender>

    <appender name="DB_LOG" class="ch.qos.logback.core.rolling.RollingFileAppender">
        <!-- 正在记录的日志文件的路径及文件名 -->
        <file>${log.path}/${log.db}${log.suffix}</file>

        <!--日志文件输出格式-->
        <encoder>
            <pattern>[%d{yyyy-MM-dd HH:mm:ss.SSS}] [%thread] [%-5level] [%logger{50}] - %msg%n</pattern>
            <charset>UTF-8</charset>
        </encoder>

        <!-- 日志记录器的滚动策略，按日期，按大小记录 -->
        <rollingPolicy class="ch.qos.logback.core.rolling.TimeBasedRollingPolicy">
            <!-- 日志归档 -->
            <fileNamePattern>${log.path}/%d{yyyy-MM-dd}/${log.db}-%i${log.suffix}</fileNamePattern>

            <timeBasedFileNamingAndTriggeringPolicy class="ch.qos.logback.core.rolling.SizeAndTimeBasedFNATP">
                <maxFileSize>100MB</maxFileSize>
            </timeBasedFileNamingAndTriggeringPolicy>

            <!--日志文件保留天数-->
            <maxHistory>15</maxHistory>
        </rollingPolicy>

        <!-- 此日志文件排除trace级别的日志 -->
        <filter class="ch.qos.logback.classic.filter.ThresholdFilter">
            <level>DEBUG</level>
        </filter>
    </appender>

    <appender name="TEST_LOG" class="ch.qos.logback.core.rolling.RollingFileAppender">
        <!-- 正在记录的日志文件的路径及文件名 -->
        <file>${log.path}/${log.test}${log.suffix}</file>

        <!--日志文件输出格式-->
        <encoder>
            <pattern>[%d{yyyy-MM-dd HH:mm:ss.SSS}] [%thread] [%-5level] [%logger{50}] - %msg%n</pattern>
            <charset>UTF-8</charset>
        </encoder>

        <!-- 日志记录器的滚动策略，按日期，按大小记录 -->
        <rollingPolicy class="ch.qos.logback.core.rolling.TimeBasedRollingPolicy">
            <!-- 日志归档 -->
            <fileNamePattern>${log.path}/%d{yyyy-MM-dd}/${log.test}-%i${log.suffix}</fileNamePattern>

            <timeBasedFileNamingAndTriggeringPolicy class="ch.qos.logback.core.rolling.SizeAndTimeBasedFNATP">
                <maxFileSize>100MB</maxFileSize>
            </timeBasedFileNamingAndTriggeringPolicy>

            <!--日志文件保留天数-->
            <maxHistory>15</maxHistory>
        </rollingPolicy>

        <!-- 此日志文件排除trace级别的日志 -->
        <filter class="ch.qos.logback.classic.filter.ThresholdFilter">
            <level>DEBUG</level>
        </filter>
    </appender>

    <root level="DEBUG">
        <appender-ref ref="CONSOLE"/>
        <appender-ref ref="DEFAULT_LOG"/>
        <appender-ref ref="WARNING_LOG"/>
        <appender-ref ref="ERROR_LOG"/>
    </root>

    <logger name="APP" level="DEBUG">
        <appender-ref ref="APP_LOG"/>
    </logger>

    <logger name="TEST" level="DEBUG">
        <appender-ref ref="TEST_LOG"/>
    </logger>


    <logger name="org.springframework.test.web.servlet.result" level="DEBUG">
        <appender-ref ref="TEST_LOG"/>
    </logger>

    <logger name="druid.sql.DataSource" level="DEBUG" additivity="false">
        <appender-ref ref="DB_LOG"/>
    </logger>
    <logger name="druid.sql.Connection" level="DEBUG" additivity="false">
        <appender-ref ref="DB_LOG"/>
    </logger>
    <logger name="druid.sql.Statement" level="DEBUG" additivity="false">
        <appender-ref ref="DB_LOG"/>
    </logger>
    <logger name="druid.sql.ResultSet" level="DEBUG" additivity="false">
        <appender-ref ref="DB_LOG"/>
    </logger>

</configuration>