{
	"STATEMENT_SAVING_ACC_HKD": [{
		"prodId": "D1",
		"product": "Deposits",
		"type": "Statement Savings Account",
		"subtype": "Saving",
		"currency": "HKD",
		"interestRate": "2.00",
		"minamount": "5000",
		"fee": "50",
		"remark": "No monthly service fee if you maintain a balance of more than HKD5,000 (rolling average of previous 3 months, if not you'll pay a fee of HKD50)"
	}],
	"STATEMENT_SAVING_ACC_RMB": [{
		"prodId": "D2",
		"product": "Deposits",
		"type": "Statement Savings Account",
		"subtype": "Saving",
		"currency": "RMB",
		"interestRate": "3.58",
		"minamount": null,
		"fee": null,
		"remark": "Earn bonus interest on your account if your Total Relationship Balance is HKD1,000,000 or above"
	}],
	"INTEGRATED_SAVING_ACC_USD": [{
		"prodId": "D3",
		"product": "Deposits",
		"type": "Integrated Account",
		"subtype": "Saving",
		"currency": "USD",
		"interestRate": "2.98",
		"minamount": "1000.00",
		"fee": null,
		"remark": null
	}]
}