{"prodId":"D1","product":"Deposits","type":"Statement Savings Account","subtype":"Saving","currency":"HKD","interestRate":"2.00","fee":"50","remark":"No monthly service fee if you maintain a balance of more than HKD5,000 (rolling average of previous 3 months, if not you'll pay a fee of HKD50)","minamount":"5000"}
{"prodId":"D2","product":"Deposits","type":"Statement Savings Account","subtype":"Saving","currency":"RMB","interestRate":"3.58","fee":"N/A","remark":"Earn bonus interest on your account if your Total Relationship Balance is HKD1,000,000 or above","minamount":"N/A"}
{"prodId":"D3","product":"Deposits","type":"Integrated Account","subtype":"Saving","currency":"USD","interestRate":"2.98","fee":"N/A","remark":null,"minamount":"1000"}
