<?xml version="1.0" encoding="UTF-8" ?>
<!DOCTYPE mapper PUBLIC "-//mybatis.org//DTD Mapper 3.0//EN" "http://mybatis.org/dtd/mybatis-3-mapper.dtd" >
<mapper namespace="com.excelhk.openapi.bankuserserviceadapter.mapper.UserMapper" >
  <resultMap id="BaseResultMap" type="com.excelhk.openapi.bankuserserviceadapter.bean.User" >
    <id column="userId" property="viUserId" jdbcType="INTEGER" />
    <result column="userName" property="vsUserName" jdbcType="VARCHAR" />
    <result column="password" property="vsPassword" jdbcType="VARCHAR" />
    <result column="email" property="vsEmail" jdbcType="VARCHAR" />
  </resultMap>
  <sql id="Base_Column_List" >
    userId, userName, password, email
  </sql>
  <select id="selectByPrimaryKey" resultMap="BaseResultMap" parameterType="java.lang.Integer" >
    select 
    <include refid="Base_Column_List" />
    from user
    where userId = #{viUserId,jdbcType=INTEGER}
  </select>

  <select id="getUserDetailByUsername" resultMap="BaseResultMap" parameterType="java.lang.String">
    select *
    from user u
    where u.userName = #{vsUserName}
  </select>

  <delete id="deleteByPrimaryKey" parameterType="java.lang.Integer" >
    delete from user
    where userId = #{viUserId,jdbcType=INTEGER}
  </delete>
  <insert id="insert" parameterType="com.excelhk.openapi.bankuserserviceadapter.bean.User" >
    insert into user (userId, userName, password, 
      email)
    values (#{viUserId,jdbcType=INTEGER}, #{vsUserName,jdbcType=VARCHAR}, #{vsPassword,jdbcType=VARCHAR}, 
      #{vsEmail,jdbcType=VARCHAR})
  </insert>
  <insert id="insertSelective" parameterType="com.excelhk.openapi.bankuserserviceadapter.bean.User" >
    insert into user
    <trim prefix="(" suffix=")" suffixOverrides="," >
      <if test="viUserId != null" >
        userId,
      </if>
      <if test="vsUserName != null" >
        userName,
      </if>
      <if test="vsPassword != null" >
        password,
      </if>
      <if test="vsEmail != null" >
        email,
      </if>
    </trim>
    <trim prefix="values (" suffix=")" suffixOverrides="," >
      <if test="viUserId != null" >
        #{viUserId,jdbcType=INTEGER},
      </if>
      <if test="vsUserName != null" >
        #{vsUserName,jdbcType=VARCHAR},
      </if>
      <if test="vsPassword != null" >
        #{vsPassword,jdbcType=VARCHAR},
      </if>
      <if test="vsEmail != null" >
        #{vsEmail,jdbcType=VARCHAR},
      </if>
    </trim>
  </insert>
  <update id="updateByPrimaryKeySelective" parameterType="com.excelhk.openapi.bankuserserviceadapter.bean.User" >
    update user
    <set >
      <if test="vsUserName != null" >
        userName = #{vsUserName,jdbcType=VARCHAR},
      </if>
      <if test="vsPassword != null" >
        password = #{vsPassword,jdbcType=VARCHAR},
      </if>
      <if test="vsEmail != null" >
        email = #{vsEmail,jdbcType=VARCHAR},
      </if>
    </set>
    where userId = #{viUserId,jdbcType=INTEGER}
  </update>
  <update id="updateByPrimaryKey" parameterType="com.excelhk.openapi.bankuserserviceadapter.bean.User" >
    update user
    set userName = #{vsUserName,jdbcType=VARCHAR},
      password = #{vsPassword,jdbcType=VARCHAR},
      email = #{vsEmail,jdbcType=VARCHAR}
    where userId = #{viUserId,jdbcType=INTEGER}
  </update>
</mapper>